{
  "experiment_id": "exp_20260110_232338",
  "model_type": "xgboost",
  "model_version": 1,
  "created_at": "2026-01-10T23:23:39.307448",
  "metrics": {
    "accuracy": 0.6439393939393939,
    "precision": 0.6415161176053843,
    "recall": 0.8198279764599367,
    "f1_score": 0.7197933227344993,
    "auc": 0.6998256703341478
  },
  "model_config": {
    "n_estimators": 200,
    "max_depth": 6,
    "learning_rate": 0.05,
    "subsample": 0.8,
    "colsample_bytree": 0.8,
    "random_state": 42
  },
  "notes": "xgboost with time_split=True",
  "data_info": {
    "train_samples": 47182,
    "test_samples": 3960,
    "feature_count": 88,
    "train_pos_ratio": 0.6089186554194396,
    "test_pos_ratio": 0.5578282828282828
  }
}