{
  "experiment_id": "exp_20260110_232338",
  "model_type": "gradient_boosting",
  "model_version": 1,
  "created_at": "2026-01-10T23:24:37.525001",
  "metrics": {
    "accuracy": 0.645959595959596,
    "precision": 0.6441586280814576,
    "recall": 0.8162064282480761,
    "f1_score": 0.7200479233226837,
    "auc": 0.699556277613077
  },
  "model_config": {
    "n_estimators": 200,
    "max_depth": 5,
    "learning_rate": 0.05,
    "subsample": 0.8,
    "random_state": 42
  },
  "notes": "gradient_boosting with time_split=True",
  "data_info": {
    "train_samples": 47182,
    "test_samples": 3960,
    "feature_count": 88,
    "train_pos_ratio": 0.6089186554194396,
    "test_pos_ratio": 0.5578282828282828
  }
}